product_id,product_name,category,orders,net_revenue_inr,cogs_inr,shipping_inr,fees_inr,contribution_profit_inr,purchased_units,returned_units,contribution_margin_pct,unit_return_rate_pct
P001,Electronics Item 001,Electronics,171,146493.022,102634.44,9732.666,4516.29,29609.626,210,6,20.212,2.857
P002,Home & Kitchen Item 002,Home & Kitchen,176,518825.689,427276.0,13779.261,16212.754,61557.674,213,13,11.865,6.103
P003,Fashion Item 003,Fashion,154,117399.332,107477.8,8717.661,3638.827,-2434.955,190,9,-2.074,4.737
P004,Beauty Item 004,Beauty,159,557975.176,448284.12,13308.552,17819.063,78563.442,194,11,14.08,5.67
P005,Sports Item 005,Sports,164,407393.791,359478.1,13736.141,12379.228,21800.322,204,14,5.351,6.863
P006,Grocery Item 006,Grocery,157,503686.971,454412.79,11917.95,15803.907,21552.324,192,9,4.279,4.688
P007,Electronics Item 007,Electronics,152,421665.675,359549.33,12456.951,12778.47,36880.923,175,8,8.746,4.571
P008,Home & Kitchen Item 008,Home & Kitchen,156,532112.991,394266.6,12380.82,16695.185,108770.386,193,13,20.441,6.736
P009,Fashion Item 009,Fashion,147,30138.028,24688.83,7259.985,987.631,-2798.419,182,9,-9.285,4.945
P010,Beauty Item 010,Beauty,167,133478.992,91400.4,10088.385,4036.044,27954.163,207,12,20.943,5.797
P011,Sports Item 011,Sports,165,119741.52,89861.68,9470.555,3747.83,16661.455,199,8,13.915,4.02
P012,Grocery Item 012,Grocery,158,634047.878,486186.91,13901.246,20779.757,113179.965,193,6,17.85,3.109
P013,Electronics Item 013,Electronics,141,282475.402,185434.92,11127.692,8763.018,77149.772,180,8,27.312,4.444
P014,Home & Kitchen Item 014,Home & Kitchen,144,220949.8,157827.45,9974.345,7131.186,46016.818,175,10,20.827,5.714
P015,Fashion Item 015,Fashion,147,310968.559,278749.0,11371.053,10093.313,10755.193,184,14,3.459,7.609
P016,Beauty Item 016,Beauty,169,519528.557,427490.82,14084.553,16283.648,61669.535,222,21,11.87,9.459
P017,Sports Item 017,Sports,148,316877.268,196483.56,11368.456,9815.928,99209.323,191,9,31.308,4.712
P018,Grocery Item 018,Grocery,157,523166.526,361039.82,12575.364,16674.152,132877.191,203,9,25.399,4.433
P019,Electronics Item 019,Electronics,161,426042.399,266340.62,12607.537,12669.597,134424.645,194,12,31.552,6.186
P020,Home & Kitchen Item 020,Home & Kitchen,145,555354.624,466204.14,12450.061,17214.961,59485.463,180,9,10.711,5.0
P021,Fashion Item 021,Fashion,159,536387.768,369302.72,13252.226,16309.713,137523.11,188,4,25.639,2.128
P022,Beauty Item 022,Beauty,145,325599.0,231438.0,11432.64,10135.377,72592.983,175,5,22.295,2.857
P023,Sports Item 023,Sports,142,335761.507,206704.63,10346.953,10391.678,108318.245,165,8,32.26,4.848
P024,Grocery Item 024,Grocery,156,551354.302,434813.92,13411.183,17817.668,85311.531,204,16,15.473,7.843
P025,Electronics Item 025,Electronics,146,123518.296,92055.25,9397.219,3908.873,18156.954,185,10,14.7,5.405
P026,Home & Kitchen Item 026,Home & Kitchen,151,529862.305,491670.04,13622.949,15666.714,8902.601,188,9,1.68,4.787
P027,Fashion Item 027,Fashion,156,384212.716,355425.29,12690.621,11353.843,4742.962,194,7,1.234,3.608
P028,Beauty Item 028,Beauty,148,245492.057,222681.56,10404.906,7775.938,4629.654,191,13,1.886,6.806
P029,Sports Item 029,Sports,159,556648.564,528428.0,13290.822,18177.543,-3247.802,206,6,-0.583,2.913
P030,Grocery Item 030,Grocery,145,447318.42,347718.6,10730.679,14150.877,74718.264,186,1,16.704,0.538
P031,Electronics Item 031,Electronics,163,51921.576,41799.24,9031.412,1566.323,-475.4,207,18,-0.916,8.696
P032,Home & Kitchen Item 032,Home & Kitchen,167,154849.672,139212.6,11322.666,4814.422,-500.016,209,8,-0.323,3.828
P033,Fashion Item 033,Fashion,167,529739.326,484076.0,13845.483,16635.613,15182.23,215,15,2.866,6.977
P034,Beauty Item 034,Beauty,152,114272.495,97661.52,9119.144,3434.863,4056.968,189,12,3.55,6.349
P035,Sports Item 035,Sports,174,455039.16,346342.26,13808.383,14482.888,80405.63,218,9,17.67,4.128
P036,Grocery Item 036,Grocery,154,466328.213,425531.6,12506.834,14645.903,13643.876,202,12,2.926,5.941
P037,Electronics Item 037,Electronics,165,137340.63,112433.28,10656.513,4126.122,10124.716,200,14,7.372,7.0
P038,Home & Kitchen Item 038,Home & Kitchen,168,461038.01,384040.8,12824.056,14244.482,49928.672,208,10,10.83,4.808
P039,Fashion Item 039,Fashion,151,500005.64,331646.4,12798.129,15821.942,139739.169,187,7,27.948,3.743
P040,Beauty Item 040,Beauty,168,416800.317,347355.16,12011.47,12989.133,44444.554,211,9,10.663,4.265
P041,Sports Item 041,Sports,154,287748.856,229109.4,12382.98,8767.167,37489.31,195,15,13.028,7.692
P042,Grocery Item 042,Grocery,134,497358.854,384444.95,10571.575,14797.322,87545.007,160,5,17.602,3.125
P043,Electronics Item 043,Electronics,171,475785.46,422570.12,14031.789,14205.609,24977.943,206,10,5.25,4.854
P044,Home & Kitchen Item 044,Home & Kitchen,182,435389.685,322739.27,13130.291,14363.857,85156.267,224,13,19.559,5.804
P045,Fashion Item 045,Fashion,154,296370.031,267552.0,10703.057,9323.092,8791.883,201,9,2.967,4.478
P046,Beauty Item 046,Beauty,190,44260.925,25989.96,8752.154,1342.994,8175.818,230,12,18.472,5.217
P047,Sports Item 047,Sports,142,549416.426,508606.0,12229.386,17026.198,11554.842,179,9,2.103,5.028
P048,Grocery Item 048,Grocery,139,384858.168,336526.54,10741.979,11910.713,25678.936,171,8,6.672,4.678
P049,Electronics Item 049,Electronics,137,415438.296,295200.89,11158.114,13219.997,95859.295,173,6,23.074,3.468
P050,Home & Kitchen Item 050,Home & Kitchen,166,215392.208,145932.15,11044.834,6318.71,52096.513,201,6,24.187,2.985
P051,Fashion Item 051,Fashion,166,470312.391,352767.3,13074.36,14974.332,89496.399,200,10,19.029,5.0
P052,Beauty Item 052,Beauty,164,488185.478,428688.0,13640.526,15277.398,30579.554,199,7,6.264,3.518
P053,Sports Item 053,Sports,162,539929.217,445045.28,13183.549,17100.072,64600.316,204,13,11.965,6.373
P054,Grocery Item 054,Grocery,152,58888.918,52537.06,8187.088,1822.455,-3657.685,193,12,-6.211,6.218
P055,Electronics Item 055,Electronics,174,345655.65,255114.24,13299.101,11216.273,66026.036,216,12,19.102,5.556
P056,Home & Kitchen Item 056,Home & Kitchen,145,115058.972,86062.32,9289.506,3611.833,16095.314,194,10,13.989,5.155
P057,Fashion Item 057,Fashion,161,498403.649,332714.7,12812.761,15087.724,137788.464,200,10,27.646,5.0
P058,Beauty Item 058,Beauty,162,194068.892,185215.8,10117.915,5968.233,-7233.057,200,10,-3.727,5.0
P059,Sports Item 059,Sports,141,389811.398,367727.22,11772.212,12002.02,-1690.053,179,18,-0.434,10.056
P060,Grocery Item 060,Grocery,167,628434.643,425005.5,13834.609,19300.051,170294.483,203,9,27.098,4.433
P061,Electronics Item 061,Electronics,143,404309.588,289705.6,11116.363,12332.002,91155.624,169,9,22.546,5.325
P062,Home & Kitchen Item 062,Home & Kitchen,165,196899.826,170164.54,11735.814,5903.393,9096.079,190,8,4.62,4.211
P063,Fashion Item 063,Fashion,159,405058.606,252420.7,12495.941,12815.102,127326.863,201,11,31.434,5.473
P064,Beauty Item 064,Beauty,163,43576.029,26752.0,7520.553,1346.295,7957.181,200,10,18.26,5.0
P065,Sports Item 065,Sports,155,410948.616,331234.2,12780.539,12632.468,54301.408,194,14,13.214,7.216
P066,Grocery Item 066,Grocery,157,108403.015,89508.21,10181.004,3298.041,5415.76,207,8,4.996,3.865
P067,Electronics Item 067,Electronics,151,206214.472,137057.82,10236.704,6102.937,52817.011,195,9,25.613,4.615
P068,Home & Kitchen Item 068,Home & Kitchen,139,513482.435,305503.12,11277.436,16257.928,180443.951,178,11,35.141,6.18
P069,Fashion Item 069,Fashion,178,586526.177,555683.1,15203.765,17206.96,-1567.648,225,11,-0.267,4.889
P070,Beauty Item 070,Beauty,173,663223.925,577986.0,15529.026,20754.123,48954.776,207,7,7.381,3.382
P071,Sports Item 071,Sports,143,313104.122,197971.67,11390.504,9827.771,93914.178,181,12,29.995,6.63
P072,Grocery Item 072,Grocery,152,289558.76,239620.5,11133.834,9341.469,29462.958,190,15,10.175,7.895
P073,Electronics Item 073,Electronics,149,503726.036,443155.68,11807.213,15103.732,33659.412,188,12,6.682,6.383
P074,Home & Kitchen Item 074,Home & Kitchen,146,388915.338,326610.96,11488.973,12538.922,38276.483,170,14,9.842,8.235
P075,Fashion Item 075,Fashion,181,177041.17,139051.0,12542.622,5371.535,20076.014,233,13,11.34,5.579
P076,Beauty Item 076,Beauty,162,478463.595,383733.69,13687.297,14150.147,66892.461,210,11,13.981,5.238
P077,Sports Item 077,Sports,149,496951.834,462884.24,12404.79,15029.849,6632.955,182,13,1.335,7.143
P078,Grocery Item 078,Grocery,159,471716.228,324049.7,13164.036,14590.396,119912.096,192,7,25.42,3.646
P079,Electronics Item 079,Electronics,164,413055.689,336471.03,13645.933,12757.924,50180.801,198,9,12.149,4.545
P080,Home & Kitchen Item 080,Home & Kitchen,145,131928.099,115154.61,9237.192,4168.691,3367.605,178,15,2.553,8.427
P081,Fashion Item 081,Fashion,155,517357.706,358284.96,12034.603,15643.557,131394.586,183,7,25.397,3.825
P082,Beauty Item 082,Beauty,145,347703.385,252260.25,10589.657,10899.392,73954.085,173,8,21.269,4.624
P083,Sports Item 083,Sports,158,162172.414,126745.84,9742.2,4963.214,20721.16,200,12,12.777,6.0
P084,Grocery Item 084,Grocery,152,200111.542,145249.05,10271.399,6190.936,38400.157,197,12,19.189,6.091
P085,Electronics Item 085,Electronics,141,103904.496,74790.6,8955.161,3193.504,16965.23,171,16,16.328,9.357
P086,Home & Kitchen Item 086,Home & Kitchen,146,89409.008,53395.59,8063.137,2777.807,25172.475,187,10,28.154,5.348
P087,Fashion Item 087,Fashion,158,329840.492,273641.12,11262.756,10238.562,34698.054,191,7,10.52,3.665
P088,Beauty Item 088,Beauty,152,49630.907,28916.95,7603.417,1504.951,11605.589,189,16,23.384,8.466
P089,Sports Item 089,Sports,150,411016.106,289205.46,12082.427,13017.281,96710.938,184,13,23.53,7.065
P090,Grocery Item 090,Grocery,152,289551.461,220294.0,10688.991,8742.519,49825.951,191,7,17.208,3.665
P091,Electronics Item 091,Electronics,158,126550.304,98142.9,9470.9,3920.15,15016.354,193,20,11.866,10.363
P092,Home & Kitchen Item 092,Home & Kitchen,134,373902.158,297608.8,9728.987,11612.961,54951.411,165,7,14.697,4.242
P093,Fashion Item 093,Fashion,163,173177.35,109411.26,11501.902,5285.855,46978.333,198,20,27.127,10.101
P094,Beauty Item 094,Beauty,159,488237.684,319328.52,12966.746,15035.448,140906.97,199,13,28.86,6.533
P095,Sports Item 095,Sports,158,587389.996,419099.84,13723.004,17560.921,137006.232,202,11,23.325,5.446
P096,Grocery Item 096,Grocery,150,519816.704,344157.55,12976.801,16446.009,146236.343,184,11,28.132,5.978
P097,Electronics Item 097,Electronics,161,98066.418,78224.02,9925.67,3018.411,6898.317,209,6,7.034,2.871
P098,Home & Kitchen Item 098,Home & Kitchen,155,58834.486,38033.53,8568.913,1701.019,10531.024,189,8,17.899,4.233
P099,Fashion Item 099,Fashion,158,168111.21,98440.2,11764.016,5255.038,52651.956,194,24,31.32,12.371
P100,Beauty Item 100,Beauty,133,476527.932,440462.76,11295.058,14852.387,9917.726,178,6,2.081,3.371
P101,Sports Item 101,Sports,163,70004.609,52365.6,9164.067,2117.584,6357.357,189,9,9.081,4.762
P102,Grocery Item 102,Grocery,154,624554.446,403382.85,13677.332,20060.111,187434.152,200,5,30.011,2.5
P103,Electronics Item 103,Electronics,186,696195.398,639205.65,15718.075,22127.009,19144.664,224,17,2.75,7.589
P104,Home & Kitchen Item 104,Home & Kitchen,176,163646.0,133213.6,11685.95,4938.558,13807.891,222,14,8.438,6.306
P105,Fashion Item 105,Fashion,162,228958.086,199203.6,11942.223,7158.525,10653.738,197,7,4.653,3.553
P106,Beauty Item 106,Beauty,143,460716.776,422894.56,12346.229,14688.448,10787.539,188,12,2.341,6.383
P107,Sports Item 107,Sports,168,160853.015,103442.0,10576.667,4991.296,41843.052,218,18,26.013,8.257
P108,Grocery Item 108,Grocery,152,194670.544,140144.9,9879.53,5984.579,38661.534,195,10,19.86,5.128
P109,Electronics Item 109,Electronics,151,368675.752,286696.67,12882.162,11217.8,57879.12,180,11,15.699,6.111
P110,Home & Kitchen Item 110,Home & Kitchen,141,87133.653,62760.42,8322.44,2582.549,13468.244,173,11,15.457,6.358
P111,Fashion Item 111,Fashion,136,160126.104,112308.24,9362.628,4776.194,33679.043,165,13,21.033,7.879
P112,Beauty Item 112,Beauty,142,246688.18,187522.65,10476.237,7560.932,41128.361,182,5,16.672,2.747
P113,Sports Item 113,Sports,153,393260.518,269580.15,12595.446,12323.693,98761.229,192,7,25.113,3.646
P114,Grocery Item 114,Grocery,158,179369.792,125832.6,10835.954,5256.727,37444.511,190,10,20.876,5.263
P115,Electronics Item 115,Electronics,149,403742.016,306050.64,11561.804,12600.283,73529.289,176,8,18.212,4.545
P116,Home & Kitchen Item 116,Home & Kitchen,153,450179.318,400849.65,12187.258,14187.26,22955.15,183,12,5.099,6.557
P117,Fashion Item 117,Fashion,138,236737.389,213467.32,9870.529,7180.327,6219.212,172,8,2.627,4.651
P118,Beauty Item 118,Beauty,168,223127.72,147985.3,10780.883,6730.541,57630.997,199,9,25.829,4.523
P119,Sports Item 119,Sports,150,114240.149,105619.2,8272.331,3565.296,-3216.678,196,4,-2.816,2.041
P120,Grocery Item 120,Grocery,166,662083.571,462967.9,14967.393,20793.029,163355.249,217,12,24.673,5.53
