month,net_revenue_inr,contribution_profit_inr,mom_revenue_growth_pct
2024-01,1878670.386,290487.868,
2024-02,1490889.374,208373.02,-20.641
2024-03,1862901.549,277955.415,24.952
2024-04,1762191.776,255484.147,-5.406
2024-05,1791648.638,286565.535,1.672
2024-06,1533522.399,227682.163,-14.407
2024-07,1719041.118,252986.607,12.098
2024-08,1814696.71,275917.626,5.564
2024-09,1857950.948,294741.9,2.384
2024-10,1831277.41,273482.01,-1.436
2024-11,1693508.431,264979.508,-7.523
2024-12,1811518.194,268166.493,6.968
2025-01,1654368.344,246170.907,-8.675
2025-02,1604976.703,230214.485,-2.986
2025-03,1664671.672,252941.44,3.719
2025-04,1404460.524,211209.465,-15.631
2025-05,1717669.599,242442.451,22.301
2025-06,1526386.117,222522.769,-11.136
2025-07,1702011.726,248696.991,11.506
2025-08,1667156.962,242724.273,-2.048
2025-09,1782716.311,256524.071,6.932
2025-10,1751351.004,253510.697,-1.759
2025-11,1699013.866,270416.732,-2.988
2025-12,1609358.89,236855.269,-5.277
